first_seen_date,keyword,pubDate,title,description,source_id,source_name,link,category,country,language,article_id,image_url
2026-09-11,(rss),2026-09-09 14:33:04,SAF support,Pathways for growing Canada’s SAF market through woody biomass,canadianbiomassmagazine.ca,Canadian Biomass Magazine,https://www.canadianbiomassmagazine.ca/editorial-saf-support-2/,"Deep Dives, hum_taxonomy, hum_taxonomy->aviation, hum_taxonomy->aviation->environmental_impact, hum_taxonomy->aviation->environmental_impact->sustainable_aviation_fuels, hum_taxonomy->aviation->fuel_and_energy, hum_taxonomy->aviation->fuel_and_energy->combustion_engine, hum_taxonomy->aviation->fuel_and_energy->energy_conservation, hum_taxonomy->aviation->fuel_and_energy->fuel_efficiency, hum_taxonomy->aviation->fuel_and_energy->fuel_regulations_and_standards, hum_taxonomy->aviation->fuel_and_energy->hydrogen_fuel, hum_taxonomy->aviation->fuel_and_energy->jet_fuel_types, hum_taxonomy->environmental_technology, hum_taxonomy->environmental_technology->renewable_energy, hum_taxonomy->environmental_technology->renewable_energy->biofuels, hum_taxonomy->environmental_technology->renewable_energy->biomass_energy, SAF, sustainable aviation fuel",,,https://www.canadianbiomassmagazine.ca/?p=47515,
2026-09-11,(rss),2026-09-09 14:25:36,RESCON pre-budget submission recommends fixes for the housing crisis,"In light of the significant headwinds faced by the new home building sector, governments must take action to permanently cut the HST and reduce development charges (DCs) on new home purchases as well as speed up the approvals process, the Residential Construction Council of Ontario (RESCON) says…",canadianbiomassmagazine.ca,Canadian Biomass Magazine,https://www.canadianbiomassmagazine.ca/rescon-pre-budget-submission-recommends-fixes-for-the-housing-crisis/,"News, hum_taxonomy, hum_taxonomy->construction_and_infrastructure, hum_taxonomy->construction_and_infrastructure->energy_systems, hum_taxonomy->construction_and_infrastructure->energy_systems->energy_policy_and_regulation, hum_taxonomy->construction_and_infrastructure->facility_management, hum_taxonomy->construction_and_infrastructure->facility_management->renovation, hum_taxonomy->construction_and_infrastructure->market_analysis, hum_taxonomy->construction_and_infrastructure->market_analysis->demand_and_supply_dynamics, hum_taxonomy->construction_and_infrastructure->market_analysis->forecast_analysis, hum_taxonomy->construction_and_infrastructure->market_analysis->housing_market, hum_taxonomy->construction_and_infrastructure->real_estate, hum_taxonomy->construction_and_infrastructure->real_estate->real_estate_market_trends, hum_taxonomy->construction_and_infrastructure->real_estate->sustainable_real_estate, hum_taxonomy->construction_and_infrastructure->sustainable_practices, hum_taxonomy->construction_and_infrastructure->sustainable_practices->resilience, hum_taxonomy->construction_and_infrastructure->urban_planning, hum_taxonomy->construction_and_infrastructure->urban_planning->revitalization, hum_taxonomy->environmental_technology, hum_taxonomy->environmental_technology->sustainable_design, hum_taxonomy->environmental_technology->sustainable_design->resilient_design, rescon",,,https://www.canadianbiomassmagazine.ca/?p=47596,
2026-09-11,(rss),2026-09-09 14:22:08,A decade of impact: Investing in community forests for the long term,"As the Forest Enhancement Society of BC (FESBC) marks its 10th anniversary, the Society is reflecting on the investments that have supported community forest projects across the province. From wildfire risk reduction and ecosystem restoration to better fibre utilization and local employment, these…",canadianbiomassmagazine.ca,Canadian Biomass Magazine,https://www.canadianbiomassmagazine.ca/a-decade-of-impact-investing-in-community-forests-for-the-long-term/,"Deep Dives, community forests, FESBC",,,https://www.canadianbiomassmagazine.ca/?p=47593,
2026-09-11,(rss),2026-09-09 14:13:28,Joint letter to Premier Eby from B.C.’s forest sector organizations,"The following joint letter to Premier David Eby was sent from organizations representing workers, manufacturers, contractors, communities and businesses across British Columbia’s highly integrated forest sector: Dear Premier Eby, We are writing on behalf of organizations representing workers,…",canadianbiomassmagazine.ca,Canadian Biomass Magazine,https://www.canadianbiomassmagazine.ca/joint-letter-to-premier-eby-from-b-c-s-forest-sector-organizations/,"Deep Dives, BC Community Forests Association, BC first nations forestry council, BC Plywood & Veneer Coalition, BC Wood, British Columbia, COFI, forest sector, hum_taxonomy, hum_taxonomy->agricultural_and_food_systems, hum_taxonomy->agricultural_and_food_systems->forestry, hum_taxonomy->agricultural_and_food_systems->forestry->forest_management, hum_taxonomy->agricultural_and_food_systems->forestry->forest_policy_and_economics, hum_taxonomy->agricultural_and_food_systems->forestry->forest_products, hum_taxonomy->industrial_manufacturing, hum_taxonomy->industrial_manufacturing->wood_paper_products, hum_taxonomy->industrial_manufacturing->wood_paper_products->furniture_manufacturing, hum_taxonomy->industrial_manufacturing->wood_paper_products->softwood_products, hum_taxonomy->industrial_manufacturing->wood_paper_products->timber_industry, hum_taxonomy->resources_and_heavy_equipment, hum_taxonomy->resources_and_heavy_equipment->agricultural_and_forestry_equipment, hum_taxonomy->resources_and_heavy_equipment->agricultural_and_forestry_equipment->forestry_machinery, hum_taxonomy->resources_and_heavy_equipment->agricultural_and_forestry_equipment->sawmill_operations, hum_taxonomy->resources_and_heavy_equipment->agricultural_and_forestry_equipment->sustainable_forestry_practices, hum_taxonomy->resources_and_heavy_equipment->remote_environments, hum_taxonomy->resources_and_heavy_equipment->remote_environments->jungle_and_forest_operations, ila, ILMA, iwpa, nwla, PFLA, Pulp and Paper Coalition, TLA, truck loggers association, USW, Western Forestry Contractors’ Association, Woodlots BC",,,https://www.canadianbiomassmagazine.ca/?p=47588,
2026-09-11,(rss),2026-09-09 11:29:48,Osoyoos Indian Band and Gorman Group formalize forestry management partnership,"The Osoyoos Indian Band (OIB) and the Gorman Group, through Similkameen Forest Products Ltd. (SFP), signed a partnership agreement on July 20, 2026, that gives the OIB a direct role in the planning and management of Tree Farm Licence (TFL) 59. TFL 59 is located east of Oliver within the OIB’s…",canadianbiomassmagazine.ca,Canadian Biomass Magazine,https://www.canadianbiomassmagazine.ca/osoyoos-indian-band-and-gorman-group-formalize-forestry-management-partnership/,"News, forestry management, Gorman Group, hum_taxonomy, hum_taxonomy->agricultural_and_food_systems, hum_taxonomy->agricultural_and_food_systems->forestry, hum_taxonomy->agricultural_and_food_systems->forestry->forest_management, hum_taxonomy->environmental_technology, hum_taxonomy->environmental_technology->resource_management, hum_taxonomy->environmental_technology->resource_management->forestry_management, hum_taxonomy->resources_and_heavy_equipment, hum_taxonomy->resources_and_heavy_equipment->agricultural_and_forestry_equipment, hum_taxonomy->resources_and_heavy_equipment->agricultural_and_forestry_equipment->agricultural_tools, hum_taxonomy->resources_and_heavy_equipment->agricultural_and_forestry_equipment->forestry_machinery, hum_taxonomy->resources_and_heavy_equipment->agricultural_and_forestry_equipment->logging_equipment, hum_taxonomy->resources_and_heavy_equipment->agricultural_and_forestry_equipment->sawmill_operations, hum_taxonomy->resources_and_heavy_equipment->agricultural_and_forestry_equipment->sustainable_forestry_practices, hum_taxonomy->resources_and_heavy_equipment->agricultural_and_forestry_equipment->tree_planting_equipment, hum_taxonomy->resources_and_heavy_equipment->remote_environments, hum_taxonomy->resources_and_heavy_equipment->remote_environments->jungle_and_forest_operations, Nk’Mip Forestry",,,https://www.canadianbiomassmagazine.ca/?p=47585,
2026-09-11,(rss),2026-09-09 11:22:09,Last summer vacations ahead of Labour Day stall lumber trading,"The latest trade salvo between the US and Canada become a hot topic of conversation in an otherwise slow late-summer week. In the week ending August 28, 2026, the price of benchmark softwood lumber item Western Spruce-Pine-Fir 2×4 #2&Btr KD (RL) was US$475 mfbm. This was down -$5, or -1%, from the…",canadianbiomassmagazine.ca,Canadian Biomass Magazine,https://www.canadianbiomassmagazine.ca/last-summer-vacations-ahead-of-labour-day-stall-lumber-trading/,"News, hum_taxonomy, hum_taxonomy->aviation, hum_taxonomy->aviation->finance_and_economics, hum_taxonomy->aviation->finance_and_economics->aviation_market_trends, hum_taxonomy->construction_and_infrastructure, hum_taxonomy->construction_and_infrastructure->construction_materials, hum_taxonomy->construction_and_infrastructure->construction_materials->timber, hum_taxonomy->food_and_beverage_industry, hum_taxonomy->food_and_beverage_industry->economic_conditions, hum_taxonomy->food_and_beverage_industry->economic_conditions->price_hike, hum_taxonomy->food_and_beverage_industry->economic_conditions->trade_policies, hum_taxonomy->industrial_manufacturing, hum_taxonomy->industrial_manufacturing->construction_materials, hum_taxonomy->industrial_manufacturing->construction_materials->wood, hum_taxonomy->industrial_manufacturing->global_trade, hum_taxonomy->industrial_manufacturing->global_trade->currency_exchange_impact, hum_taxonomy->industrial_manufacturing->wood_paper_products, hum_taxonomy->industrial_manufacturing->wood_paper_products->paper_industry, hum_taxonomy->industrial_manufacturing->wood_paper_products->softwood_products, hum_taxonomy->industrial_manufacturing->wood_paper_products->timber_industry, hum_taxonomy->resources_and_heavy_equipment, hum_taxonomy->resources_and_heavy_equipment->agricultural_and_forestry_equipment, hum_taxonomy->resources_and_heavy_equipment->agricultural_and_forestry_equipment->sawmill_operations, lumber markets, lumber prices",,,https://www.canadianbiomassmagazine.ca/?p=47581,
2026-09-11,(rss),2026-09-09 11:18:24,Ontario provides $5.1 million to help restart Espanola pulp mill,"The government of Ontario has provided $5.1 million to Bioveld North, a subsidiary of BMI Group, to advance plans to restart the Espanola pulp mill, which Domtar idled in 2023. The funding is delivered through the Biomass Pathways Stream and Innovative Bioproduct Manufacturing and Modernization…",canadianbiomassmagazine.ca,Canadian Biomass Magazine,https://www.canadianbiomassmagazine.ca/ontario-provides-5-million-to-help-restart-espanola-pulp-mill/,"News, Espanola pulp mill, hum_taxonomy->industrial_manufacturing->wood_paper_products->furniture_manufacturing, ontario, pulp mill",,,https://www.canadianbiomassmagazine.ca/?p=47578,
2026-09-11,(rss),2026-09-10 16:52:29,Forestnet Media Announces Digital-First Future as Regular Print Publishing Winds Down,"Long-standing forestry publications Forestnet Magazine and TimberWest will continue in digital formats as Forestnet Media expands its investment in video, podcasts, events, partnerships and digital media. BRITISH COLUMBIA — September 2026 — Forestnet Media has announced that it will transition…",forestnet.com,Forestnet,https://forestnet.com/forestnet-media-announces-digital-first-future-as-regular-print-publishing-winds-down/?utm_source=rss&utm_medium=rss&utm_campaign=forestnet-media-announces-digital-first-future-as-regular-print-publishing-winds-down,"Forestnet Magazine, Supplier Newsline, TimberWest Magazine",,,https://forestnet.com/?p=107951,
2026-09-11,(rss),2026-09-10 16:20:49,John Deere Expands Forestry Aftermarket Portfolio with New No-Shark Hardened Beaver Tooth,New John Deere No-Shank hardened beaver saw teeth are designed to deliver durability and maintain cutting performance in rugged forestry conditions. Patented machine tip helps reduce chipping during impact with rocks and debris. Available in multiple kerf sizes and compatible with competitive…,forestnet.com,Forestnet,https://forestnet.com/john-deere-expands-forestry-aftermarket-portfolio-with-new-no-shark-hardened-beaver-tooth/?utm_source=rss&utm_medium=rss&utm_campaign=john-deere-expands-forestry-aftermarket-portfolio-with-new-no-shark-hardened-beaver-tooth,Supplier Newsline,,,https://forestnet.com/?p=107946,
2026-09-11,(rss),2026-09-08 15:55:53,One Machine. Twelve Months of Readiness,"By Alex Gorissen, KMC MAX Every year, we ask more of the people on the front lines. Whether it’s wildfires, floods, hurricanes, or other natural disasters, emergency responders are facing increasingly challenging conditions. They need equipment that can go further, work harder, and operate where…",forestnet.com,Forestnet,https://forestnet.com/one-machine-twelve-months-of-readiness/?utm_source=rss&utm_medium=rss&utm_campaign=one-machine-twelve-months-of-readiness,"Sponsored Content, Supplier Newsline, Wildfire",,,https://forestnet.com/?p=107912,
2026-09-11,(rss),2026-09-10 17:00:17,"As the US Carbon Dioxide Removal Market Retreats, Other Governments Step Up","As the US Carbon Dioxide Removal Market Retreats, Other Governments Step Up alicia.cypress… Thu, 09/10/2026 - 13:00 In less than a decade, carbon dioxide removal (CDR) has grown from an idea to an emerging industry that is widely accepted as a critical complement to deep emissions cuts in the…",wri.org,wri.org news and views,https://www.wri.org/insights/carbon-dioxide-removal-policies-frameworks,,,,106714 at https://www.wri.org,
2026-09-11,(rss),2026-09-10 10:32:09,"Local Timber Markets Have Macroeconomic Exposures, Too","This post includes ideas and content covered in the virtual Timber Market Analysis class, September 30th, and October 1st, 2026. During interviews, economist Skylar Olsen regularly says: “We treat the housing market as if it’s one large national market, but, more… The post Local Timber Markets…",forisk.com,Forisk,https://forisk.com/local-timber-markets-have-macroeconomic-exposures-too/,"Custom Market Forecast, Forest Strategy, Risk Management, Softwood Lumber, Timber Market Analysis, Timber Supply, Timberlands, forest economics, Housing, lumber, timber market analysis, timberlands, wood demand",,,https://forisk.com/?p=49727,
2026-09-11,(rss),2026-09-09 17:59:33,LP To Curtail OSB Production In Texas,"LP Building Solutions (LP) will indefinitely curtail oriented strandboard (OSB) production at its Jasper, Tex. facility beginning in October 2026 in response to soft demand. The Jasper facility has an annual production capacity of approximately…",panelworldmag.com,Panel World,https://www.panelworldmag.com/lp-to-curtail-osb-production-in-texas/,News,,,https://www.panelworldmag.com/?p=13553,
2026-09-11,(rss),2026-09-09 17:02:55,Forest Products Society Honors 2026 Annual Excellence Award Winners,"The Forest Products Society (FPS) honored outstanding leaders, researchers and emerging professionals in the forest products industry during its 2026 Annual Excellence Awards, presented July 16 at the FPS International Conference Banquet at The Graduate…",panelworldmag.com,Panel World,https://www.panelworldmag.com/forest-products-society-honors-2026-annual-excellence-award-winners/,News,,,https://www.panelworldmag.com/?p=13547,
2026-09-11,(rss),2026-09-10 19:06:50,"Strauss Launches $10,000 Small Business Contest For Trades","Small businesses working in hands-on industries (like logging and log trucking) have a chance to put some extra money toward their operations this fall through a new nationwide contest from workwear manufacturer Strauss. Engelbert Strauss,…",southernloggintimesmagazine.com,Southern Loggin Times,https://www.southernloggintimesmagazine.com/strauss-launches-10000-small-business-contest-for-trades/,News,,,https://www.southernloggintimesmagazine.com/?p=14604,
2026-09-11,(rss),2026-09-09 18:56:15,"Timber Theft Cases Hit Tennessee, North Carolina","• A Kentucky man has been ordered to pay $15,000 in restitution to a Henry County (Tennessee) property owner following a timber theft investigation conducted by the Tennessee Department of Agriculture's Agricultural Crime Unit (ACU).…",southernloggintimesmagazine.com,Southern Loggin Times,https://www.southernloggintimesmagazine.com/timber-theft-cases-hit-tennessee-north-carolina/,News,,,https://www.southernloggintimesmagazine.com/?p=14592,
2026-09-11,(rss),2026-09-09 18:34:26,IP To Close Texas Packaging Facility,"International Paper has announced it will close its Carrollton South packaging facility, located in Carrolton, Tex., by the end of the third quarter of 2026. The decision is part of the company's ongoing work to…",southernloggintimesmagazine.com,Southern Loggin Times,https://www.southernloggintimesmagazine.com/ip-to-close-texas-packaging-facility/,News,,,https://www.southernloggintimesmagazine.com/?p=14587,
2026-09-11,(rss),2026-09-11 01:35:30,New From Waratah:  H216X Harvesting Head,"Made for tracked machines and harsh applications, the new two-roller H216X harvesting head from Waratah Forestry Equipment has purpose-built features to withstand ruthless hardwood stresses. Ideal for harvesting late or final thinnings, it’s naturally capable…",timberharvesting.com,Timber Harvesting Magazine,https://timberharvesting.com/new-from-waratah-h216x-harvesting-head/,"News, forestry equipment, harvesting head, loggers, Waratah",,,https://timberharvesting.com/?p=12806,
2026-09-11,(rss),2026-09-11 01:20:50,"Ponsse Debuts New Products, Services Introductions At FinnMetko 2026","During the recent FinnMetko event, held September 3-5 in Jämsä, Finland, Ponsse presented a significant range of new products and solutions designed to meet the everyday demands of harvesting professionals: Higher productivity, lower operating costs…",timberharvesting.com,Timber Harvesting Magazine,https://timberharvesting.com/ponsse-debuts-new-products-services-introductions-at-finnmetko-2026/,"News, Finland, FinnMetko, Jämsä, Ponssee",,,https://timberharvesting.com/?p=12798,
2026-09-11,(rss),2026-09-10 23:54:41,Federal Judge Halts Logging In Illinois Bat Habitat,"A federal judge recently ordered the U.S. Forest Service (FS) to suspend a logging project in Shawnee National Forest in southern Illinois, finding the 2024 approval of the project violated the Endangered Species Act. According…",timberharvesting.com,Timber Harvesting Magazine,https://timberharvesting.com/federal-judge-halts-logging-in-illinois-bat-habitat/,News,,,https://timberharvesting.com/?p=12793,
2026-09-11,(rss),2026-09-10 20:41:54,Minnesota Loggers Deliver 300 Cords For Log A Load,Dozens of Minnesota loggers and companies came together in July to donate their time and skills and the proceeds of their efforts to the Gillette Children’s Hospital in the Twin Cities as part of the…,timberharvesting.com,Timber Harvesting Magazine,https://timberharvesting.com/minnesota-loggers-deliver-300-cords-for-log-a-load/,"News, American Loggers Council, Childrens Miracle Network, Enviva, Log A Load For Kids, Minnesota loggers",,,https://timberharvesting.com/?p=12785,
2026-09-11,(rss),2026-09-10 19:21:13,Neiman Closing Mill In Western Colorado,"Based in Wyoming with sawmill operations in four states, Neiman Enterprises is down to three mills after its Montrose, Colo. sawmill Montrose Forest Products filed a WARN Notice with the Colorado Department of Labor and…",timberharvesting.com,Timber Harvesting Magazine,https://timberharvesting.com/neiman-closing-mill-in-western-colorado/,News,,,https://timberharvesting.com/?p=12780,
2026-09-11,(rss),2026-09-09 20:27:50,"OTR Introduces OTR3DLab, 3D Printing Prototypes","OTR Engineered Solutions, a global leader in off-the-road tire, wheel, and track solutions, has introduced OTR3DLab, a first-of-its-kind prototyping service designed to dramatically reduce product development timelines. For decades, bringing a new off-the-road tire, wheel,…",timberharvesting.com,Timber Harvesting Magazine,https://timberharvesting.com/otr-introduces-otr3dlab-3d-printing-prototypes/,News,,,https://timberharvesting.com/?p=12766,
2026-09-11,(rss),2026-09-09 18:45:28,Finch Paper Closing New York Pulp Mill,"In business for decades, Finch Paper is closing its Glens Falls, NY pulp mill that provided a key market for loggers and landowners in utilizing lower grade timber. Adding insult to injury, the mill is…",timberharvesting.com,Timber Harvesting Magazine,https://timberharvesting.com/finch-paper-closing-new-york-pulp-mill/,News,,,https://timberharvesting.com/?p=12760,
2026-09-11,(rss),2026-09-09 18:29:30,"Forest Service, South Dakota Sign Stewardship Agreement",U.S. Dept. of Agriculture’s Forest Service and the State of South Dakota’s Dept. of Agriculture and Natural Resources (DANR) have signed a five-year shared stewardship agreement that expands cross-boundary forest management and strengthens South Dakota’s…,timberharvesting.com,Timber Harvesting Magazine,https://timberharvesting.com/forest-service-south-dakota-sign-stewardship-agreement/,News,,,https://timberharvesting.com/?p=12753,
2026-09-11,(rss),2026-09-09 20:52:49,Brad Smith Retires From Delta Motion After 27 Years,"Auburn, U.S. Air Force Developing Mass Timber Military Housing Prototypes Delta Motion has announced that Brad Smith, Regional Sales Manager, has fully retired effective June 30, 2026. Mike Dodds is now responsible for serving Delta’s… The post Brad Smith Retires From Delta Motion After 27 Years…",timberprocessing.com,Timber Processing Magazine,https://www.timberprocessing.com/brad-smith-retires-from-delta-motion-after-27-years/,News,,,https://www.timberprocessing.com/?p=22470,
2026-09-11,(rss),2026-09-10 08:35:11,Patrick Guest appointed MD of Vicaima Limited,"One of Europe’s key joinery manufacturers, the Vicaima Group, has announced the appointment of Patrick Guest as Vicaima Limited’s new MD. The post Patrick Guest appointed MD of Vicaima Limited appeared first on Timber Trades Journal .",ttjonline.com,Timber Trades Journal,https://www.ttjonline.com/news/patrick-guest-appointed-md-of-vicaima-limited/,News,,,https://www.ttjonline.com/uncategorized/patrick-guest-appointed-md-of-vicaima-limited/,
2026-09-11,(rss),2026-09-08 09:00:42,Ben Todd appointed Hadleigh Timber Group new MD,The Hadleigh Timber Group Ben has appointed former Travis Perkins director Ben Todd as managing director. The post Ben Todd appointed Hadleigh Timber Group new MD appeared first on Timber Trades Journal .,ttjonline.com,Timber Trades Journal,https://www.ttjonline.com/news/ben-todd-appointed-hadleigh-timber-group-new-md/,News,,,https://www.ttjonline.com/uncategorized/ben-todd-appointed-hadleigh-timber-group-new-md/,
2026-09-11,(rss),2026-09-09 19:13:27,EIA Forecasts Decline In U.S. Biomass Power Generation Through 2027,"The U.S. Energy Information Administration (EIA) released its Short-Term Energy Outlook (STEO) on August 11, 2026, a monthly report of near-term energy forecasts, with data current as of August 6, 2026. The document outlines a… The post EIA Forecasts Decline In U.S. Biomass Power Generation…",woodbioenergymagazine.com,Wood Bioenergy Magazine,https://woodbioenergymagazine.com/eia-forecasts-decline-in-u-s-biomass-power-generation-through-2027/,News,,,https://woodbioenergymagazine.com/?p=8199,
2026-09-11,(rss),2026-09-09 11:15:16,Top 20 Under 40: Celebrating the future of the forest products sector,Showcasing the forest products sector’s future leaders,woodbusiness.ca,Wood Business,https://www.woodbusiness.ca/top-20-under-40/,Features,,,https://www.woodbusiness.ca/?p=109181,https://www.woodbusiness.ca/wp-content/uploads/2026/09/Justin-Galbraith--420x315.jpg
2026-09-11,(rss),2026-09-09 11:13:47,Nick Arkle: From assembling apple bins to CEO of the Gorman Group,When Nick Arkle attended his cousin’s wedding in the …,woodbusiness.ca,Wood Business,https://www.woodbusiness.ca/from-assembling-apple-bins-to-ceo/,"Features, Wood Business, Gorman Group, hum_taxonomy, hum_taxonomy-&gt;food_and_beverage_industry, hum_taxonomy-&gt;food_and_beverage_industry-&gt;entrepreneurship, hum_taxonomy-&gt;food_and_beverage_industry-&gt;entrepreneurship-&gt;family_business_dynamics, hum_taxonomy-&gt;food_and_beverage_industry-&gt;entrepreneurship-&gt;networking_and_partnerships, hum_taxonomy-&gt;resources_and_heavy_equipment, hum_taxonomy-&gt;resources_and_heavy_equipment-&gt;agricultural_and_forestry_equipment, hum_taxonomy-&gt;resources_and_heavy_equipment-&gt;agricultural_and_forestry_equipment-&gt;agricultural_tools, hum_taxonomy-&gt;resources_and_heavy_equipment-&gt;agricultural_and_forestry_equipment-&gt;forestry_machinery, hum_taxonomy-&gt;resources_and_heavy_equipment-&gt;agricultural_and_forestry_equipment-&gt;logging_equipment, hum_taxonomy-&gt;resources_and_heavy_equipment-&gt;agricultural_and_forestry_equipment-&gt;sawmill_operations, hum_taxonomy-&gt;resources_and_heavy_equipment-&gt;agricultural_and_forestry_equipment-&gt;tree_planting_equipment, hum_taxonomy-&gt;resources_and_heavy_equipment-&gt;mining_and_extraction, Nick Arkle, sawmill",,,https://www.woodbusiness.ca/?p=109227,https://www.woodbusiness.ca/wp-content/uploads/2026/09/2025-08-05-4-LH-Kelowna-2-420x315.jpg
